注文番号,注文日時,お支払方法,商品ID,商品名,バリエーション,単価,数量,小計,送料,手数料,受取金額
1001,2026-01-03 12:30:00,クレジットカード,777,テスト本,通常,500,1,500,370,73,797
1002,2026-01-04 12:30:00,クレジットカード,777,テスト本,通常,500,2,1000,370,101,1269
1003,2026-01-05 12:30:00,クレジットカード,777,テスト本,通常,1000,2,2000,0,157,1843
1004,2026-01-06 12:30:00,クレジットカード,777,テスト本,通常,500,2,1000,0,101,899
1005,2026-01-07 12:30:00,クレジットカード,777,テスト本,通常,1000,2,2000,0,157,1843
1006,2026-02-03 12:30:00,クレジットカード,777,テスト本,通常,1500,2,3000,370,213,3157
1007,2026-02-04 12:30:00,クレジットカード,777,テスト本,通常,1500,1,1500,0,129,1371
1008,2026-02-05 12:30:00,クレジットカード,777,テスト本,通常,1000,1,1000,0,101,899
1009,2026-02-06 12:30:00,クレジットカード,777,テスト本,通常,500,1,500,370,73,797
1010,2026-02-07 12:30:00,クレジットカード,777,テスト本,通常,1500,1,1500,370,129,1741
1011,2026-03-03 12:30:00,クレジットカード,777,テスト本,通常,1500,1,1500,0,129,1371
1012,2026-03-04 12:30:00,クレジットカード,777,テスト本,通常,1000,2,2000,0,157,1843
1013,2026-03-05 12:30:00,クレジットカード,777,テスト本,通常,1000,1,1000,0,101,899
1014,2026-03-06 12:30:00,クレジットカード,777,テスト本,通常,1000,2,2000,0,157,1843
1015,2026-03-07 12:30:00,クレジットカード,777,テスト本,通常,1000,1,1000,0,101,899
